date,time,signal_type,entry_price,exit_price,sl_price,tp_price,pips_risk,pips_profit,pnl_usd,score,divergence_strength,bos_magnitude,bars_held,status,notes
2024-01-03,14:30:00,LONG,1.0850,1.0920,1.0810,1.0990,40,70,70.00,82,8.5,70,15,TP_HIT,Strong RSI div + large BOS
2024-01-04,10:15:00,SHORT,1.0920,1.0885,1.0960,1.0810,40,-35,-35.00,65,6.2,35,8,SL_HIT,Retail trap failed this time
2024-01-05,16:45:00,LONG,1.0835,1.0925,1.0795,1.0955,40,90,90.00,88,9.1,85,22,TP_HIT,Excellent confluence - score 88
2024-01-08,09:00:00,SHORT,1.0925,1.0875,1.0965,1.0785,40,-50,-50.00,72,7.0,45,12,SL_HIT,Minor divergence weak BOS
2024-01-09,13:20:00,LONG,1.0830,1.0920,1.0790,1.0990,40,90,90.00,85,8.0,80,18,TP_HIT,Clear setup solid execution
2024-01-10,11:30:00,SHORT,1.0920,1.0910,1.0960,1.0800,40,-10,-10.00,58,2.5,25,3,SL_HIT,Weak signal shouldve skipped
2024-01-12,15:45:00,LONG,1.0815,1.0900,1.0775,1.0955,40,85,85.00,83,8.7,75,20,TP_HIT,Strong momentum after BOS
2024-01-15,08:30:00,SHORT,1.0900,1.0810,1.0940,1.0700,40,190,190.00,91,9.5,95,35,TP_HIT,Maximum confluence signal
2024-01-16,14:00:00,LONG,1.0750,1.0830,1.0710,1.0890,40,80,80.00,79,7.5,65,17,TP_HIT,Good execution after correction
2024-01-17,10:20:00,SHORT,1.0830,1.0825,1.0870,1.0710,40,-5,-5.00,62,4.0,30,2,SL_HIT,Poor setup early exit
2024-01-19,16:30:00,LONG,1.0800,1.0880,1.0760,1.0940,40,80,80.00,81,7.8,70,19,TP_HIT,Solid trading range
2024-01-22,11:00:00,SHORT,1.0880,1.0810,1.0920,1.0700,40,110,110.00,86,8.3,80,25,TP_HIT,Strong sell signal
2024-01-23,13:45:00,LONG,1.0760,1.0840,1.0720,1.0900,40,80,80.00,80,7.6,68,16,TP_HIT,Consistent performance
2024-01-24,09:30:00,SHORT,1.0840,1.0825,1.0880,1.0700,40,-15,-15.00,59,3.5,28,4,SL_HIT,Weak signal avoided loss
2024-01-25,15:15:00,LONG,1.0810,1.0900,1.0770,1.0950,40,90,90.00,84,8.2,75,21,TP_HIT,Strong trend continuation
2024-01-26,10:45:00,SHORT,1.0900,1.0820,1.0940,1.0700,40,120,120.00,87,8.8,85,28,TP_HIT,Excellent profit taking
2024-01-29,14:30:00,LONG,1.0750,1.0830,1.0710,1.0890,40,80,80.00,78,7.4,62,17,TP_HIT,Moderate setup good result
2024-01-30,11:00:00,SHORT,1.0830,1.0750,1.0870,1.0630,40,180,180.00,89,9.0,90,32,TP_HIT,Major move captured
2024-01-31,16:20:00,LONG,1.0700,1.0790,1.0660,1.0850,40,90,90.00,82,8.1,72,19,TP_HIT,Month strong finish
2024-02-01,09:15:00,SHORT,1.0790,1.0760,1.0830,1.0640,40,-70,-70.00,68,6.5,40,10,SL_HIT,Mid-tier signal stopped out

---

SUMMARY STATISTICS
---
Total Trades: 20
Winning Trades: 15
Losing Trades: 5
Win Rate: 75%
Average Win (USD): 104.67
Average Loss (USD): -33.00
Largest Win: 190.00 (Jan 15)
Largest Loss: -70.00 (Feb 1)
Total P&L (USD): 1415.00
Average Score: 77.4
Max Consecutive Wins: 5
Max Consecutive Losses: 1

RISK METRICS
---
Total Risk per Trade (USD): 100.00
Total Risk Allocated: 2000.00
Profit Factor: 1567 / 165 = 9.49
Risk/Reward Ratio: Avg Win vs Avg Loss = 3.16
Expectancy per Trade: +70.75 USD
Return on Risk (RoR): 70.75%

EQUITY CURVE
---
Starting Equity: 10000.00
Ending Equity: 11415.00
Total Return: 14.15%
Monthly Return (Jan): +660.00 (+6.6%)
Monthly Return (Feb): +755.00 (+7.5%) based on 1 trade
Max Drawdown: -155.00 USD (-1.55%)
Max Drawdown Period: Jan 4-8 (4 days)
Sharpe Ratio: 1.89 (excellent)
Sortino Ratio: 3.15 (strong downside protection)

SIGNAL QUALITY DISTRIBUTION
---
Score 80-100 (STRONG): 12 trades = 60% of total
Score 70-80 (GOOD): 6 trades = 30% of total
Score 60-70 (FAIR): 2 trades = 10% of total
Score <60 (WEAK): 0 trades = 0% of total (filtered out)

NOTE: This is a SAMPLE backtest report for demonstration purposes.
Actual results will vary based on market conditions, asset, and timeframe.
Always conduct your own rigorous backtests before trading with real capital.
